ProductKey,ProductSubcategoryKey,ProductSKU,ProductName,ModelName,ProductDescription,ProductColor,ProductStyle,ProductCost,ProductPrice,SKU Type,Discount Price,Price Point,SKU Category
215,31,HL-U509,"Sport-100 Helmet, Black",Sport-100,"Universal fit, well-vented, lightweight , snap-on visor.",Black,NA,? 12.03,? 33.64,HL-U509,? 30.28,Low,HL
253,14,FR-R38B-58,"LL Road Frame - Black, 58",LL Road Frame,"The LL Frame provides a safe comfortable ride, while offering superior bump absorption in a value-priced aluminum frame.",Black,U,? 176.20,? 297.63,FR-R38B,? 267.87,Mid-Range,FR
256,14,FR-R38B-60,"LL Road Frame - Black, 60",LL Road Frame,"The LL Frame provides a safe comfortable ride, while offering superior bump absorption in a value-priced aluminum frame.",Black,U,? 176.20,? 297.63,FR-R38B,? 267.87,Mid-Range,FR
259,14,FR-R38B-62,"LL Road Frame - Black, 62",LL Road Frame,"The LL Frame provides a safe comfortable ride, while offering superior bump absorption in a value-priced aluminum frame.",Black,U,? 176.20,? 297.63,FR-R38B,? 267.87,Mid-Range,FR
279,14,FR-R38B-44,"LL Road Frame - Black, 44",LL Road Frame,"The LL Frame provides a safe comfortable ride, while offering superior bump absorption in a value-priced aluminum frame.",Black,U,? 176.20,? 297.63,FR-R38B,? 267.87,Mid-Range,FR
282,14,FR-R38B-48,"LL Road Frame - Black, 48",LL Road Frame,"The LL Frame provides a safe comfortable ride, while offering superior bump absorption in a value-priced aluminum frame.",Black,U,? 176.20,? 297.63,FR-R38B,? 267.87,Mid-Range,FR
285,14,FR-R38B-52,"LL Road Frame - Black, 52",LL Road Frame,"The LL Frame provides a safe comfortable ride, while offering superior bump absorption in a value-priced aluminum frame.",Black,U,? 176.20,? 297.63,FR-R38B,? 267.87,Mid-Range,FR
296,12,FR-M94B-42,"HL Mountain Frame - Black, 42",HL Mountain Frame,Each frame is hand-crafted in our Bothell facility to the optimum diameter and wall-thickness required of a premium mountain frame. The heat-treated welded aluminum frame has a larger diameter tube that absorbs the bumps.,Black,U,? 617.03,"? 1,191.17",FR-M94B,"? 1,072.06",High,FR
299,12,FR-M94B-44,"HL Mountain Frame - Black, 44",HL Mountain Frame,Each frame is hand-crafted in our Bothell facility to the optimum diameter and wall-thickness required of a premium mountain frame. The heat-treated welded aluminum frame has a larger diameter tube that absorbs the bumps.,Black,U,? 699.09,"? 1,349.60",FR-M94B,"? 1,214.64",High,FR
300,12,FR-M94B-48,"HL Mountain Frame - Black, 48",HL Mountain Frame,Each frame is hand-crafted in our Bothell facility to the optimum diameter and wall-thickness required of a premium mountain frame. The heat-treated welded aluminum frame has a larger diameter tube that absorbs the bumps.,Black,U,? 699.09,"? 1,349.60",FR-M94B,"? 1,214.64",High,FR
301,12,FR-M94B-46,"HL Mountain Frame - Black, 46",HL Mountain Frame,Each frame is hand-crafted in our Bothell facility to the optimum diameter and wall-thickness required of a premium mountain frame. The heat-treated welded aluminum frame has a larger diameter tube that absorbs the bumps.,Black,U,? 617.03,"? 1,191.17",FR-M94B,"? 1,072.06",High,FR
304,12,FR-M94B-38,"HL Mountain Frame - Black, 38",HL Mountain Frame,Each frame is hand-crafted in our Bothell facility to the optimum diameter and wall-thickness required of a premium mountain frame. The heat-treated welded aluminum frame has a larger diameter tube that absorbs the bumps.,Black,U,? 617.03,"? 1,191.17",FR-M94B,"? 1,072.06",High,FR
332,2,BK-R50B-58,"Road-650 Black, 58",Road-650,"Value-priced bike with many features of our top-of-the-line models. Has the same light, stiff frame, and the quick acceleration we're famous for.",Black,U,? 413.15,? 699.10,BK-R50B,? 629.19,High,BK
334,2,BK-R50B-60,"Road-650 Black, 60",Road-650,"Value-priced bike with many features of our top-of-the-line models. Has the same light, stiff frame, and the quick acceleration we're famous for.",Black,U,? 413.15,? 699.10,BK-R50B,? 629.19,High,BK
336,2,BK-R50B-62,"Road-650 Black, 62",Road-650,"Value-priced bike with many features of our top-of-the-line models. Has the same light, stiff frame, and the quick acceleration we're famous for.",Black,U,? 413.15,? 699.10,BK-R50B,? 629.19,High,BK
338,2,BK-R50B-44,"Road-650 Black, 44",Road-650,"Value-priced bike with many features of our top-of-the-line models. Has the same light, stiff frame, and the quick acceleration we're famous for.",Black,U,? 413.15,? 699.10,BK-R50B,? 629.19,High,BK
340,2,BK-R50B-48,"Road-650 Black, 48",Road-650,"Value-priced bike with many features of our top-of-the-line models. Has the same light, stiff frame, and the quick acceleration we're famous for.",Black,U,? 413.15,? 699.10,BK-R50B,? 629.19,High,BK
342,2,BK-R50B-52,"Road-650 Black, 52",Road-650,"Value-priced bike with many features of our top-of-the-line models. Has the same light, stiff frame, and the quick acceleration we're famous for.",Black,U,? 413.15,? 699.10,BK-R50B,? 629.19,High,BK
348,1,BK-M82B-38,"Mountain-100 Black, 38",Mountain-100,"Top-of-the-line competition mountain bike. Performance-enhancing options include the innovative HL Frame, super-smooth front suspension, and traction for all terrain.",Black,U,"? 1,898.09","? 3,374.99",BK-M82B,"? 3,037.49",High,BK
349,1,BK-M82B-42,"Mountain-100 Black, 42",Mountain-100,"Top-of-the-line competition mountain bike. Performance-enhancing options include the innovative HL Frame, super-smooth front suspension, and traction for all terrain.",Black,U,"? 1,898.09","? 3,374.99",BK-M82B,"? 3,037.49",High,BK
350,1,BK-M82B-44,"Mountain-100 Black, 44",Mountain-100,"Top-of-the-line competition mountain bike. Performance-enhancing options include the innovative HL Frame, super-smooth front suspension, and traction for all terrain.",Black,U,"? 1,898.09","? 3,374.99",BK-M82B,"? 3,037.49",High,BK
351,1,BK-M82B-48,"Mountain-100 Black, 48",Mountain-100,"Top-of-the-line competition mountain bike. Performance-enhancing options include the innovative HL Frame, super-smooth front suspension, and traction for all terrain.",Black,U,"? 1,898.09","? 3,374.99",BK-M82B,"? 3,037.49",High,BK
358,1,BK-M68B-38,"Mountain-200 Black, 38",Mountain-200,Serious back-country riding. Perfect for all levels of competition. Uses the same HL Frame as the Mountain-100.,Black,U,"? 1,105.81","? 2,049.10",BK-M68B,"? 1,844.19",High,BK
360,1,BK-M68B-42,"Mountain-200 Black, 42",Mountain-200,Serious back-country riding. Perfect for all levels of competition. Uses the same HL Frame as the Mountain-100.,Black,U,"? 1,105.81","? 2,049.10",BK-M68B,"? 1,844.19",High,BK
362,1,BK-M68B-46,"Mountain-200 Black, 46",Mountain-200,Serious back-country riding. Perfect for all levels of competition. Uses the same HL Frame as the Mountain-100.,Black,U,"? 1,105.81","? 2,049.10",BK-M68B,"? 1,844.19",High,BK
364,1,BK-M47B-38,"Mountain-300 Black, 38",Mountain-300,For true trail addicts.  An extremely durable bike that will go anywhere and keep you in control on challenging terrain - without breaking your budget.,Black,U,? 598.44,"? 1,079.99",BK-M47B,? 971.99,High,BK
365,1,BK-M47B-40,"Mountain-300 Black, 40",Mountain-300,For true trail addicts.  An extremely durable bike that will go anywhere and keep you in control on challenging terrain - without breaking your budget.,Black,U,? 598.44,"? 1,079.99",BK-M47B,? 971.99,High,BK
366,1,BK-M47B-44,"Mountain-300 Black, 44",Mountain-300,For true trail addicts.  An extremely durable bike that will go anywhere and keep you in control on challenging terrain - without breaking your budget.,Black,U,? 598.44,"? 1,079.99",BK-M47B,? 971.99,High,BK
367,1,BK-M47B-48,"Mountain-300 Black, 48",Mountain-300,For true trail addicts.  An extremely durable bike that will go anywhere and keep you in control on challenging terrain - without breaking your budget.,Black,U,? 598.44,"? 1,079.99",BK-M47B,? 971.99,High,BK
373,2,BK-R89B-44,"Road-250 Black, 44",Road-250,"Alluminum-alloy frame provides a light, stiff ride, whether you are racing in the velodrome or on a demanding club ride on country roads.",Black,U,"? 1,320.68","? 2,181.56",BK-R89B,"? 1,963.41",High,BK
375,2,BK-R89B-48,"Road-250 Black, 48",Road-250,"Alluminum-alloy frame provides a light, stiff ride, whether you are racing in the velodrome or on a demanding club ride on country roads.",Black,U,"? 1,320.68","? 2,181.56",BK-R89B,"? 1,963.41",High,BK
377,2,BK-R89B-52,"Road-250 Black, 52",Road-250,"Alluminum-alloy frame provides a light, stiff ride, whether you are racing in the velodrome or on a demanding club ride on country roads.",Black,U,"? 1,320.68","? 2,181.56",BK-R89B,"? 1,963.41",High,BK
379,2,BK-R89B-58,"Road-250 Black, 58",Road-250,"Alluminum-alloy frame provides a light, stiff ride, whether you are racing in the velodrome or on a demanding club ride on country roads.",Black,U,"? 1,320.68","? 2,181.56",BK-R89B,"? 1,963.41",High,BK
409,12,FR-M63B-38,"ML Mountain Frame - Black, 38",ML Mountain Frame-W,The ML frame is a heat-treated aluminum frame made with the same detail and quality as our HL frame. It offers superior performance. Men's version.,Black,U,? 185.82,? 348.76,FR-M63B,? 313.88,Mid-Range,FR
410,17,FW-M423,LL Mountain Front Wheel,LL Mountain Front Wheel,Replacement mountain wheel for entry-level rider.,Black,NA,? 26.97,? 60.75,FW-M423,? 54.67,Low,FW
411,17,FW-M762,ML Mountain Front Wheel,ML Mountain Front Wheel,Replacement mountain wheel for the casual to serious rider.,Black,NA,? 92.81,? 209.03,FW-M762,? 188.12,Mid-Range,FW
412,17,FW-M928,HL Mountain Front Wheel,HL Mountain Front Wheel,High-performance mountain replacement wheel.,Black,NA,? 133.30,? 300.22,FW-M928,? 270.19,Mid-Range,FW
413,17,FW-R623,LL Road Front Wheel,LL Road Front Wheel,Replacement road front wheel for entry-level cyclist.,Black,NA,? 37.99,? 85.57,FW-R623,? 77.01,Low,FW
414,17,FW-R762,ML Road Front Wheel,ML Road Front Wheel,Sturdy alloy features a quick-release hub.,Black,NA,? 110.28,? 248.39,FW-R762,? 223.55,Mid-Range,FW
415,17,FW-R820,HL Road Front Wheel,HL Road Front Wheel,Strong wheel with double-walled rim.,Black,NA,? 146.55,? 330.06,FW-R820,? 297.05,Mid-Range,FW
416,17,FW-T905,Touring Front Wheel,Touring Front Wheel,Aerodynamic rims for smooth riding.,Black,NA,? 96.80,? 218.01,FW-T905,? 196.21,Mid-Range,FW
419,17,RW-M423,LL Mountain Rear Wheel,LL Mountain Rear Wheel,Replacement mountain wheel for entry-level rider.,Black,NA,? 38.96,? 87.75,RW-M423,? 78.97,Low,RW
420,17,RW-M762,ML Mountain Rear Wheel,ML Mountain Rear Wheel,Replacement mountain wheel for the casual to serious rider.,Black,NA,? 104.80,? 236.03,RW-M762,? 212.42,Mid-Range,RW
421,17,RW-M928,HL Mountain Rear Wheel,HL Mountain Rear Wheel,High-performance mountain replacement wheel.,Black,NA,? 145.28,? 327.22,RW-M928,? 294.49,Mid-Range,RW
422,17,RW-R623,LL Road Rear Wheel,LL Road Rear Wheel,Replacement road rear wheel for entry-level cyclist.,Black,NA,? 49.98,? 112.57,RW-R623,? 101.31,Mid-Range,RW
423,17,RW-R762,ML Road Rear Wheel,ML Road Rear Wheel,Aluminum alloy rim with stainless steel spokes; built for speed.,Black,NA,? 122.27,? 275.39,RW-R762,? 247.85,Mid-Range,RW
424,17,RW-R820,HL Road Rear Wheel,HL Road Rear Wheel,Strong rear wheel with double-walled rim.,Black,NA,? 158.53,? 357.06,RW-R820,? 321.35,Mid-Range,RW
425,17,RW-T905,Touring Rear Wheel,Touring Rear Wheel,Excellent aerodynamic rims guarantee a smooth ride.,Black,NA,? 108.78,? 245.01,RW-T905,? 220.51,Mid-Range,RW
426,12,FR-M63B-40,"ML Mountain Frame - Black, 40",ML Mountain Frame,The ML frame is a heat-treated aluminum frame made with the same detail and quality as our HL frame. It offers superior performance. Women's version.,Black,U,? 185.82,? 348.76,FR-M63B,? 313.88,Mid-Range,FR
427,12,FR-M63B-44,"ML Mountain Frame - Black, 44",ML Mountain Frame,The ML frame is a heat-treated aluminum frame made with the same detail and quality as our HL frame. It offers superior performance. Women's version.,Black,U,? 185.82,? 348.76,FR-M63B,? 313.88,Mid-Range,FR
428,12,FR-M63B-48,"ML Mountain Frame - Black, 48",ML Mountain Frame,The ML frame is a heat-treated aluminum frame made with the same detail and quality as our HL frame. It offers superior performance. Women's version.,Black,U,? 185.82,? 348.76,FR-M63B,? 313.88,Mid-Range,FR
437,14,FR-R92B-62,"HL Road Frame - Black, 62",HL Road Frame,Our lightest and best quality aluminum frame made from the newest alloy; it is welded and heat-treated for strength. Our innovative design results in maximum comfort and performance.,Black,U,? 722.26,"? 1,301.36",FR-R92B,"? 1,171.23",High,FR
439,14,FR-R92B-44,"HL Road Frame - Black, 44",HL Road Frame,Our lightest and best quality aluminum frame made from the newest alloy; it is welded and heat-treated for strength. Our innovative design results in maximum comfort and performance.,Black,U,? 722.26,"? 1,301.36",FR-R92B,"? 1,171.23",High,FR
441,14,FR-R92B-48,"HL Road Frame - Black, 48",HL Road Frame,Our lightest and best quality aluminum frame made from the newest alloy; it is welded and heat-treated for strength. Our innovative design results in maximum comfort and performance.,Black,U,? 722.26,"? 1,301.36",FR-R92B,"? 1,171.23",High,FR
443,14,FR-R92B-52,"HL Road Frame - Black, 52",HL Road Frame,Our lightest and best quality aluminum frame made from the newest alloy; it is welded and heat-treated for strength. Our innovative design results in maximum comfort and performance.,Black,U,? 722.26,"? 1,301.36",FR-R92B,"? 1,171.23",High,FR
445,22,SH-M897-S,"Men's Sports Shorts, S",Men's Sports Shorts,Men's 8-panel racing shorts - lycra with an elastic waistband and leg grippers.,Black,M,? 24.75,? 59.99,SH-M897,? 53.99,Low,SH
453,22,SH-M897-M,"Men's Sports Shorts, M",Men's Sports Shorts,Men's 8-panel racing shorts - lycra with an elastic waistband and leg grippers.,Black,M,? 24.75,? 59.99,SH-M897,? 53.99,Low,SH
454,22,SH-M897-L,"Men's Sports Shorts, L",Men's Sports Shorts,Men's 8-panel racing shorts - lycra with an elastic waistband and leg grippers.,Black,M,? 24.75,? 59.99,SH-M897,? 53.99,Low,SH
455,22,SH-M897-X,"Men's Sports Shorts, XL",Men's Sports Shorts,Men's 8-panel racing shorts - lycra with an elastic waistband and leg grippers.,Black,M,? 24.75,? 59.99,SH-M897,? 53.99,Low,SH
456,24,TG-W091-S,"Women's Tights, S",Women's Tights,Warm spandex tights for winter riding; seamless chamois construction eliminates pressure points.,Black,W,? 30.93,? 74.99,TG-W091,? 67.49,Low,TG
457,24,TG-W091-M,"Women's Tights, M",Women's Tights,Warm spandex tights for winter riding; seamless chamois construction eliminates pressure points.,Black,W,? 30.93,? 74.99,TG-W091,? 67.49,Low,TG
458,24,TG-W091-L,"Women's Tights, L",Women's Tights,Warm spandex tights for winter riding; seamless chamois construction eliminates pressure points.,Black,W,? 30.93,? 74.99,TG-W091,? 67.49,Low,TG
462,20,GL-H102-S,"Half-Finger Gloves, S",Half-Finger Gloves,"Full padding, improved finger flex, durable palm, adjustable closure.",Black,U,? 9.71,? 23.55,GL-H102,? 21.19,Low,GL
464,20,GL-H102-M,"Half-Finger Gloves, M",Half-Finger Gloves,"Full padding, improved finger flex, durable palm, adjustable closure.",Black,U,? 9.71,? 23.55,GL-H102,? 21.19,Low,GL
466,20,GL-H102-L,"Half-Finger Gloves, L",Half-Finger Gloves,"Full padding, improved finger flex, durable palm, adjustable closure.",Black,U,? 9.71,? 23.55,GL-H102,? 21.19,Low,GL
468,20,GL-F110-S,"Full-Finger Gloves, S",Full-Finger Gloves,"Synthetic palm, flexible knuckles, breathable mesh upper. Worn by the AWC team riders.",Black,U,? 15.67,? 37.99,GL-F110,? 34.19,Low,GL
469,20,GL-F110-M,"Full-Finger Gloves, M",Full-Finger Gloves,"Synthetic palm, flexible knuckles, breathable mesh upper. Worn by the AWC team riders.",Black,U,? 15.67,? 37.99,GL-F110,? 34.19,Low,GL
470,20,GL-F110-L,"Full-Finger Gloves, L",Full-Finger Gloves,"Synthetic palm, flexible knuckles, breathable mesh upper. Worn by the AWC team riders.",Black,U,? 15.67,? 37.99,GL-F110,? 34.19,Low,GL
474,22,SH-W890-S,"Women's Mountain Shorts, S",Women's Mountain Shorts,"Heavy duty, abrasion-resistant shorts feature seamless, lycra inner shorts with anti-bacterial chamois for comfort.",Black,W,? 26.18,? 69.99,SH-W890,? 62.99,Low,SH
475,22,SH-W890-M,"Women's Mountain Shorts, M",Women's Mountain Shorts,"Heavy duty, abrasion-resistant shorts feature seamless, lycra inner shorts with anti-bacterial chamois for comfort.",Black,W,? 26.18,? 69.99,SH-W890,? 62.99,Low,SH
476,22,SH-W890-L,"Women's Mountain Shorts, L",Women's Mountain Shorts,"Heavy duty, abrasion-resistant shorts feature seamless, lycra inner shorts with anti-bacterial chamois for comfort.",Black,W,? 26.18,? 69.99,SH-W890,? 62.99,Low,SH
531,12,FR-M21B-42,"LL Mountain Frame - Black, 42",LL Mountain Frame,"Our best value utilizing the same, ground-breaking frame technology as the ML aluminum frame.",Black,U,? 136.79,? 249.79,FR-M21B,? 224.81,Mid-Range,FR
532,12,FR-M21B-44,"LL Mountain Frame - Black, 44",LL Mountain Frame,"Our best value utilizing the same, ground-breaking frame technology as the ML aluminum frame.",Black,U,? 136.79,? 249.79,FR-M21B,? 224.81,Mid-Range,FR
533,12,FR-M21B-48,"LL Mountain Frame - Black, 48",LL Mountain Frame,"Our best value utilizing the same, ground-breaking frame technology as the ML aluminum frame.",Black,U,? 136.79,? 249.79,FR-M21B,? 224.81,Mid-Range,FR
534,12,FR-M21B-52,"LL Mountain Frame - Black, 52",LL Mountain Frame,"Our best value utilizing the same, ground-breaking frame technology as the ML aluminum frame.",Black,U,? 136.79,? 249.79,FR-M21B,? 224.81,Mid-Range,FR
550,12,FR-M21B-40,"LL Mountain Frame - Black, 40",LL Mountain Frame,"Our best value utilizing the same, ground-breaking frame technology as the ML aluminum frame.",Black,U,? 136.79,? 249.79,FR-M21B,? 224.81,Mid-Range,FR
556,8,CS-4759,LL Crankset,LL Crankset,Super rigid spindle.,Black,NA,? 77.92,? 175.49,CS-4759,? 157.94,Mid-Range,CS
557,8,CS-6583,ML Crankset,ML Crankset,High-strength crank arm.,Black,NA,? 113.88,? 256.49,CS-6583,? 230.84,Mid-Range,CS
558,8,CS-9183,HL Crankset,HL Crankset,Triple crankset; alumunim crank arm; flawless shifting.,Black,NA,? 179.82,? 404.99,CS-9183,? 364.49,Mid-Range,CS
584,2,BK-R19B-58,"Road-750 Black, 58",Road-750,Entry level adult bike; offers a comfortable ride cross-country or down the block. Quick-release hubs and rims.,Black,U,? 343.65,? 539.99,BK-R19B,? 485.99,High,BK
596,1,BK-M18B-40,"Mountain-500 Black, 40",Mountain-500,"Suitable for any type of riding, on or off-road. Fits any budget. Smooth-shifting with a comfortable ride.",Black,U,? 294.58,? 539.99,BK-M18B,? 485.99,High,BK
597,1,BK-M18B-42,"Mountain-500 Black, 42",Mountain-500,"Suitable for any type of riding, on or off-road. Fits any budget. Smooth-shifting with a comfortable ride.",Black,U,? 294.58,? 539.99,BK-M18B,? 485.99,High,BK
598,1,BK-M18B-44,"Mountain-500 Black, 44",Mountain-500,"Suitable for any type of riding, on or off-road. Fits any budget. Smooth-shifting with a comfortable ride.",Black,U,? 294.58,? 539.99,BK-M18B,? 485.99,High,BK
599,1,BK-M18B-48,"Mountain-500 Black, 48",Mountain-500,"Suitable for any type of riding, on or off-road. Fits any budget. Smooth-shifting with a comfortable ride.",Black,U,? 294.58,? 539.99,BK-M18B,? 485.99,High,BK
600,1,BK-M18B-52,"Mountain-500 Black, 52",Mountain-500,"Suitable for any type of riding, on or off-road. Fits any budget. Smooth-shifting with a comfortable ride.",Black,U,? 294.58,? 539.99,BK-M18B,? 485.99,High,BK
604,2,BK-R19B-44,"Road-750 Black, 44",Road-750,Entry level adult bike; offers a comfortable ride cross-country or down the block. Quick-release hubs and rims.,Black,U,? 343.65,? 539.99,BK-R19B,? 485.99,High,BK
605,2,BK-R19B-48,"Road-750 Black, 48",Road-750,Entry level adult bike; offers a comfortable ride cross-country or down the block. Quick-release hubs and rims.,Black,U,? 343.65,? 539.99,BK-R19B,? 485.99,High,BK
606,2,BK-R19B-52,"Road-750 Black, 52",Road-750,Entry level adult bike; offers a comfortable ride cross-country or down the block. Quick-release hubs and rims.,Black,U,? 343.65,? 539.99,BK-R19B,? 485.99,High,BK
214,31,HL-U509-R,"Sport-100 Helmet, Red",Sport-100,"Universal fit, well-vented, lightweight , snap-on visor.",Red,NA,? 13.09,? 34.99,HL-U509,? 31.49,Low,HL
220,31,HL-U509-B,"Sport-100 Helmet, Blue",Sport-100,"Universal fit, well-vented, lightweight , snap-on visor.",Blue,NA,? 12.03,? 33.64,HL-U509,? 30.28,Low,HL
381,2,BK-R64Y-38,"Road-550-W Yellow, 38",Road-550-W,"Same technology as all of our Road series bikes, but the frame is sized for a woman.  Perfect all-around bike for road or racing.",Yellow,W,? 605.65,"? 1,000.44",BK-R64Y,? 900.39,High,BK
383,2,BK-R64Y-40,"Road-550-W Yellow, 40",Road-550-W,"Same technology as all of our Road series bikes, but the frame is sized for a woman.  Perfect all-around bike for road or racing.",Yellow,W,? 605.65,"? 1,000.44",BK-R64Y,? 900.39,High,BK
385,2,BK-R64Y-42,"Road-550-W Yellow, 42",Road-550-W,"Same technology as all of our Road series bikes, but the frame is sized for a woman.  Perfect all-around bike for road or racing.",Yellow,W,? 605.65,"? 1,000.44",BK-R64Y,? 900.39,High,BK
387,2,BK-R64Y-44,"Road-550-W Yellow, 44",Road-550-W,"Same technology as all of our Road series bikes, but the frame is sized for a woman.  Perfect all-around bike for road or racing.",Yellow,W,? 605.65,"? 1,000.44",BK-R64Y,? 900.39,High,BK
389,2,BK-R64Y-48,"Road-550-W Yellow, 48",Road-550-W,"Same technology as all of our Road series bikes, but the frame is sized for a woman.  Perfect all-around bike for road or racing.",Yellow,W,? 605.65,"? 1,000.44",BK-R64Y,? 900.39,High,BK
391,10,FK-1639,LL Fork,LL Fork,Stout design absorbs shock and offers more precise steering.,NA,NA,? 65.81,? 148.22,FK-1639,? 133.40,Mid-Range,FK
392,10,FK-5136,ML Fork,ML Fork,Composite road fork with an aluminum steerer tube.,NA,NA,? 77.92,? 175.49,FK-5136,? 157.94,Mid-Range,FK
393,10,FK-9939,HL Fork,HL Fork,High-performance carbon road fork with curved legs.,NA,NA,? 101.89,? 229.49,FK-9939,? 206.54,Mid-Range,FK
394,11,HS-0296,LL Headset,LL Headset,Threadless headset provides quality at an economical price.,NA,NA,? 15.18,? 34.20,HS-0296,? 30.78,Low,HS
395,11,HS-2451,ML Headset,ML Headset,Sealed cartridge keeps dirt out.,NA,NA,? 45.42,? 102.29,HS-2451,? 92.06,Mid-Range,HS
396,11,HS-3479,HL Headset,HL Headset,"High-quality 1"" threadless headset with a grease port for quick lubrication.",NA,NA,? 55.38,? 124.73,HS-3479,? 112.26,Mid-Range,HS
397,4,HB-M243,LL Mountain Handlebars,LL Mountain Handlebars,All-purpose bar for on or off-road.,NA,NA,? 17.98,? 40.49,HB-M243,? 36.44,Low,HB
399,4,HB-M763,ML Mountain Handlebars,ML Mountain Handlebars,Tough aluminum alloy bars for downhill.,NA,NA,? 24.99,? 56.29,HB-M763,? 50.66,Low,HB
401,4,HB-M918,HL Mountain Handlebars,HL Mountain Handlebars,Flat bar strong enough for the pro circuit.,NA,NA,? 48.55,? 109.34,HB-M918,? 98.40,Mid-Range,HB
403,4,HB-R504,LL Road Handlebars,LL Road Handlebars,Unique shape provides easier reach to the levers.,NA,NA,? 17.98,? 40.49,HB-R504,? 36.44,Low,HB
405,4,HB-R720,ML Road Handlebars,ML Road Handlebars,Anatomically shaped aluminum tube bar will suit all riders.,NA,NA,? 24.99,? 56.29,HB-R720,? 50.66,Low,HB
407,4,HB-R956,HL Road Handlebars,HL Road Handlebars,Designed for racers; high-end anatomically shaped bar from aluminum alloy.,NA,NA,? 48.55,? 109.34,HB-R956,? 98.40,Mid-Range,HB
417,14,FR-R72Y-38,"ML Road Frame-W - Yellow, 38",ML Road Frame-W,"Made from the same aluminum alloy as our top-of-the line HL frame, the ML features a lightweight down-tube milled to the perfect diameter for optimal strength. Women's version.",Yellow,W,? 300.12,? 540.75,FR-R72Y,? 486.68,High,FR
429,14,FR-R72Y-40,"ML Road Frame-W - Yellow, 40",ML Road Frame-W,"Made from the same aluminum alloy as our top-of-the line HL frame, the ML features a lightweight down-tube milled to the perfect diameter for optimal strength. Women's version.",Yellow,W,? 300.12,? 540.75,FR-R72Y,? 486.68,High,FR
431,14,FR-R72Y-42,"ML Road Frame-W - Yellow, 42",ML Road Frame-W,"Made from the same aluminum alloy as our top-of-the line HL frame, the ML features a lightweight down-tube milled to the perfect diameter for optimal strength. Women's version.",Yellow,W,? 300.12,? 540.75,FR-R72Y,? 486.68,High,FR
433,14,FR-R72Y-44,"ML Road Frame-W - Yellow, 44",ML Road Frame-W,"Made from the same aluminum alloy as our top-of-the line HL frame, the ML features a lightweight down-tube milled to the perfect diameter for optimal strength. Women's version.",Yellow,W,? 300.12,? 540.75,FR-R72Y,? 486.68,High,FR
435,14,FR-R72Y-48,"ML Road Frame-W - Yellow, 48",ML Road Frame-W,"Made from the same aluminum alloy as our top-of-the line HL frame, the ML features a lightweight down-tube milled to the perfect diameter for optimal strength. Women's version.",Yellow,W,? 300.12,? 540.75,FR-R72Y,? 486.68,High,FR
446,35,PA-T100,"Touring-Panniers, Large",Touring-Panniers,"Durable, water-proof nylon construction with easy access. Large enough for weekend trips.",Grey,NA,? 51.56,? 125.00,PA-T100,? 112.50,Mid-Range,PA
447,34,LO-C100,Cable Lock,Cable Lock,"Wraps to fit front and rear tires, carrier and 2 keys included.",NA,NA,? 10.31,? 25.00,LO-C100,? 22.50,Low,LO
448,36,PU-0452,Minipump,Minipump,Designed for convenience. Fits in your pocket. Aluminum barrel. 160psi rated.,NA,NA,? 8.25,? 19.99,PU-0452,? 17.99,Low,PU
449,36,PU-M044,Mountain Pump,Mountain Pump,Simple and light-weight. Emergency patches stored in handle.,NA,NA,? 10.31,? 24.99,PU-M044,? 22.49,Low,PU
450,33,LT-T990,Taillights - Battery-Powered,Taillight,Affordable light for safe night riding - uses 3 AAA batteries,NA,NA,? 5.77,? 13.99,LT-T990,? 12.59,Low,LT
451,33,LT-H902,Headlights - Dual-Beam,Headlights - Dual-Beam,Rechargeable dual-beam headlight.,NA,NA,? 14.43,? 34.99,LT-H902,? 31.49,Low,LT
452,33,LT-H903,Headlights - Weatherproof,Headlights - Weatherproof,Rugged weatherproof headlight.,NA,NA,? 18.56,? 44.99,LT-H903,? 40.49,Low,LT
459,18,SB-M891-S,"Men's Bib-Shorts, S",Men's Bib-Shorts,"Designed for the AWC team with stay-put straps, moisture-control, chamois padding, and leg grippers.",Multi,M,? 37.12,? 89.99,SB-M891,? 80.99,Low,SB
460,18,SB-M891-M,"Men's Bib-Shorts, M",Men's Bib-Shorts,"Designed for the AWC team with stay-put straps, moisture-control, chamois padding, and leg grippers.",Multi,M,? 37.12,? 89.99,SB-M891,? 80.99,Low,SB
461,18,SB-M891-L,"Men's Bib-Shorts, L",Men's Bib-Shorts,"Designed for the AWC team with stay-put straps, moisture-control, chamois padding, and leg grippers.",Multi,M,? 37.12,? 89.99,SB-M891,? 80.99,Low,SB
477,28,WB-H098,Water Bottle - 30 oz.,Water Bottle,AWC logo water bottle - holds 30 oz; leak-proof.,NA,NA,? 1.87,? 4.99,WB-H098,? 4.49,Low,WB
478,28,BC-M005,Mountain Bottle Cage,Mountain Bottle Cage,Tough aluminum cage holds bottle securly on tough terrain.,NA,NA,? 3.74,? 9.99,BC-M005,? 8.99,Low,BC
479,28,BC-R205,Road Bottle Cage,Road Bottle Cage,Aluminum cage is lighter than our mountain version; perfect for long distance trips.,NA,NA,? 3.36,? 8.99,BC-R205,? 8.09,Low,BC
480,37,PK-7098,Patch Kit/8 Patches,Patch kit,"Includes 8 different size patches, glue and sandpaper.",NA,NA,? 0.86,? 2.29,PK-7098,? 2.06,Low,PK
483,26,RA-H123,Hitch Rack - 4-Bike,Hitch Rack - 4-Bike,"Carries 4 bikes securely; steel construction, fits 2"" receiver hitch.",NA,NA,? 44.88,? 120.00,RA-H123,? 108.00,Mid-Range,RA
484,29,CL-9009,Bike Wash - Dissolver,Bike Wash,"Washes off the toughest road grime; dissolves grease, environmentally safe. 1-liter bottle.",NA,NA,? 2.97,? 7.95,CL-9009,? 7.16,Low,CL
485,30,FE-6654,Fender Set - Mountain,Fender Set - Mountain,Clip-on fenders fit most mountain bikes.,NA,NA,? 8.22,? 21.98,FE-6654,? 19.78,Low,FE
486,27,ST-1401,All-Purpose Bike Stand,All-Purpose Bike Stand,Perfect all-purpose bike stand for working on your bike at home. Quick-adjusting clamps and steel construction.,NA,NA,? 59.47,? 159.00,ST-1401,? 143.10,Mid-Range,ST
487,32,HY-1023-70,Hydration Pack - 70 oz.,Hydration Pack,"Versatile 70 oz hydration pack offers extra storage, easy-fill access, and a waist belt.",Silver,NA,? 20.57,? 54.99,HY-1023,? 49.49,Low,HY
501,9,RD-2308,Rear Derailleur,Rear Derailleur,Wide-link design.,Silver,NA,? 53.93,? 121.46,RD-2308,? 109.31,Mid-Range,RD
511,12,FR-M63S-40,"ML Mountain Frame-W - Silver, 40",ML Mountain Frame-W,The ML frame is a heat-treated aluminum frame made with the same detail and quality as our HL frame. It offers superior performance. Men's version.,Silver,W,? 199.38,? 364.09,FR-M63S,? 327.68,Mid-Range,FR
512,12,FR-M63S-42,"ML Mountain Frame-W - Silver, 42",ML Mountain Frame-W,The ML frame is a heat-treated aluminum frame made with the same detail and quality as our HL frame. It offers superior performance. Men's version.,Silver,W,? 199.38,? 364.09,FR-M63S,? 327.68,Mid-Range,FR
513,12,FR-M63S-46,"ML Mountain Frame-W - Silver, 46",ML Mountain Frame-W,The ML frame is a heat-treated aluminum frame made with the same detail and quality as our HL frame. It offers superior performance. Men's version.,Silver,W,? 199.38,? 364.09,FR-M63S,? 327.68,Mid-Range,FR
514,6,RB-9231,Rear Brakes,Rear Brakes,0,Silver,NA,? 47.29,? 106.50,RB-9231,? 95.85,Mid-Range,RB
515,15,SE-M236,LL Mountain Seat/Saddle,LL Mountain Seat/Saddle 2,Synthetic leather. Features gel for increased comfort.,NA,NA,? 12.04,? 27.12,SE-M236,? 24.41,Low,SE
516,15,SE-M798,ML Mountain Seat/Saddle,ML Mountain Seat/Saddle 2,Designed to absorb shock.,NA,NA,? 17.38,? 39.14,SE-M798,? 35.23,Low,SE
517,15,SE-M940,HL Mountain Seat/Saddle,HL Mountain Seat/Saddle 2,Anatomic design for a full-day of riding in comfort. Durable leather.,NA,NA,? 23.37,? 52.64,SE-M940,? 47.38,Low,SE
518,15,SE-R581,LL Road Seat/Saddle,LL Road Seat/Saddle 1,Lightweight foam-padded saddle.,NA,NA,? 12.04,? 27.12,SE-R581,? 24.41,Low,SE
519,15,SE-R908,ML Road Seat/Saddle,ML Road Seat/Saddle 2,Rubber bumpers absorb bumps.,NA,NA,? 17.38,? 39.14,SE-R908,? 35.23,Low,SE
520,15,SE-R995,HL Road Seat/Saddle,HL Road Seat/Saddle 2,Lightweight kevlar racing saddle. Leather.,NA,NA,? 23.37,? 52.64,SE-R995,? 47.38,Low,SE
521,15,SE-T312,LL Touring Seat/Saddle,LL Touring Seat/Saddle,"Comfortable, ergonomically shaped gel saddle.",NA,NA,? 12.04,? 27.12,SE-T312,? 24.41,Low,SE
522,15,SE-T762,ML Touring Seat/Saddle,ML Touring Seat/Saddle,New design relieves pressure for long rides.,NA,NA,? 17.38,? 39.14,SE-T762,? 35.23,Low,SE
523,15,SE-T924,HL Touring Seat/Saddle,HL Touring Seat/Saddle,Cut-out shell for a more comfortable ride.,NA,NA,? 23.37,? 52.64,SE-T924,? 47.38,Low,SE
528,37,TT-M928,Mountain Tire Tube,Mountain Tire Tube,Self-sealing tube.,NA,NA,? 1.87,? 4.99,TT-M928,? 4.49,Low,TT
529,37,TT-R982,Road Tire Tube,Road Tire Tube,Conventional all-purpose tube.,NA,NA,? 1.49,? 3.99,TT-R982,? 3.59,Low,TT
530,37,TT-T092,Touring Tire Tube,Touring Tire Tube,General purpose tube.,NA,NA,? 1.87,? 4.99,TT-T092,? 4.49,Low,TT
535,37,TI-M267,LL Mountain Tire,LL Mountain Tire,"Comparible traction, less expensive wire bead casing.",NA,NA,? 9.35,? 24.99,TI-M267,? 22.49,Low,TI
536,37,TI-M602,ML Mountain Tire,ML Mountain Tire,"Great traction, high-density rubber.",NA,NA,? 11.22,? 29.99,TI-M602,? 26.99,Low,TI
537,37,TI-M823,HL Mountain Tire,HL Mountain Tire,"Incredible traction, lightweight carbon reinforced.",NA,NA,? 13.09,? 35.00,TI-M823,? 31.50,Low,TI
538,37,TI-R092,LL Road Tire,LL Road Tire,Same great treads as more expensive tire with a less expensive wire bead casing.,NA,NA,? 8.04,? 21.49,TI-R092,? 19.34,Low,TI
539,37,TI-R628,ML Road Tire,ML Road Tire,Higher density rubber.,NA,NA,? 9.35,? 24.99,TI-R628,? 22.49,Low,TI
540,37,TI-R982,HL Road Tire,HL Road Tire,Lightweight carbon reinforced  for an unrivaled ride at an un-compromised weight.,NA,NA,? 12.19,? 32.60,TI-R982,? 29.34,Low,TI
541,37,TI-T723,Touring Tire,Touring Tire,High-density rubber.,NA,NA,? 10.84,? 28.99,TI-T723,? 26.09,Low,TI
542,13,PD-M282,LL Mountain Pedal,LL Mountain Pedal,Expanded platform so you can ride in any shoes; great for all-around riding.,Silver/Black,NA,? 17.98,? 40.49,PD-M282,? 36.44,Low,PD
543,13,PD-M340,ML Mountain Pedal,ML Mountain Pedal,"Lightweight, durable, clipless pedal with adjustable tension.",Silver/Black,NA,? 27.57,? 62.09,PD-M340,? 55.88,Low,PD
544,13,PD-M562,HL Mountain Pedal,HL Mountain Pedal,Stainless steel; designed to shed mud easily.,Silver/Black,NA,? 35.96,? 80.99,PD-M562,? 72.89,Low,PD
545,13,PD-R347,LL Road Pedal,LL Road Pedal,Clipless pedals - aluminum.,Silver/Black,NA,? 17.98,? 40.49,PD-R347,? 36.44,Low,PD
546,13,PD-R563,ML Road Pedal,ML Road Pedal,Lightweight aluminum alloy construction.,Silver/Black,NA,? 27.57,? 62.09,PD-R563,? 55.88,Low,PD
547,13,PD-R853,HL Road Pedal,HL Road Pedal,Top-of-the-line clipless pedals with adjustable tension.,Silver/Black,NA,? 35.96,? 80.99,PD-R853,? 72.89,Low,PD
548,13,PD-T852,Touring Pedal,Touring Pedal,A stable pedal for all-day riding.,Silver/Black,NA,? 35.96,? 80.99,PD-T852,? 72.89,Low,PD
549,12,FR-M63S-38,"ML Mountain Frame-W - Silver, 38",ML Mountain Frame-W,The ML frame is a heat-treated aluminum frame made with the same detail and quality as our HL frame. It offers superior performance. Men's version.,Silver,W,? 199.38,? 364.09,FR-M63S,? 327.68,Mid-Range,FR
552,9,FD-2342,Front Derailleur,Front Derailleur,Wide-link design.,Silver,NA,? 40.62,? 91.49,FD-2342,? 82.34,Low,FD
553,4,HB-T721,LL Touring Handlebars,LL Touring Handlebars,Unique shape reduces fatigue for entry level riders.,NA,NA,? 20.46,? 46.09,HB-T721,? 41.48,Low,HB
554,4,HB-T928,HL Touring Handlebars,HL Touring Handlebars,A light yet stiff aluminum bar for long distance riding.,NA,NA,? 40.66,? 91.57,HB-T928,? 82.41,Low,HB
555,6,FB-9873,Front Brakes,Front Brakes,All-weather brake pads; provides superior stopping by applying more surface to the rim.,Silver,NA,? 47.29,? 106.50,FB-9873,? 95.85,Mid-Range,FB
559,7,CH-0234,Chain,Chain,Superior shifting performance.,Silver,NA,? 8.99,? 20.24,CH-0234,? 18.22,Low,CH
580,2,BK-R79Y-40,"Road-350-W Yellow, 40",Road-350-W,"Cross-train, race, or just socialize on a sleek, aerodynamic bike designed for a woman.  Advanced seat technology provides comfort all day.",Yellow,W,"? 1,082.51","? 1,700.99",BK-R79Y,"? 1,530.89",High,BK
581,2,BK-R79Y-42,"Road-350-W Yellow, 42",Road-350-W,"Cross-train, race, or just socialize on a sleek, aerodynamic bike designed for a woman.  Advanced seat technology provides comfort all day.",Yellow,W,"? 1,082.51","? 1,700.99",BK-R79Y,"? 1,530.89",High,BK
582,2,BK-R79Y-44,"Road-350-W Yellow, 44",Road-350-W,"Cross-train, race, or just socialize on a sleek, aerodynamic bike designed for a woman.  Advanced seat technology provides comfort all day.",Yellow,W,"? 1,082.51","? 1,700.99",BK-R79Y,"? 1,530.89",High,BK
583,2,BK-R79Y-48,"Road-350-W Yellow, 48",Road-350-W,"Cross-train, race, or just socialize on a sleek, aerodynamic bike designed for a woman.  Advanced seat technology provides comfort all day.",Yellow,W,"? 1,082.51","? 1,700.99",BK-R79Y,"? 1,530.89",High,BK
587,1,BK-M38S-38,"Mountain-400-W Silver, 38",Mountain-400-W,"This bike delivers a high-level of performance on a budget. It is responsive and maneuverable, and offers peace-of-mind when you decide to go off-road.",Silver,W,? 419.78,? 769.49,BK-M38S,? 692.54,High,BK
588,1,BK-M38S-40,"Mountain-400-W Silver, 40",Mountain-400-W,"This bike delivers a high-level of performance on a budget. It is responsive and maneuverable, and offers peace-of-mind when you decide to go off-road.",Silver,W,? 419.78,? 769.49,BK-M38S,? 692.54,High,BK
589,1,BK-M38S-42,"Mountain-400-W Silver, 42",Mountain-400-W,"This bike delivers a high-level of performance on a budget. It is responsive and maneuverable, and offers peace-of-mind when you decide to go off-road.",Silver,W,? 419.78,? 769.49,BK-M38S,? 692.54,High,BK
590,1,BK-M38S-46,"Mountain-400-W Silver, 46",Mountain-400-W,"This bike delivers a high-level of performance on a budget. It is responsive and maneuverable, and offers peace-of-mind when you decide to go off-road.",Silver,W,? 419.78,? 769.49,BK-M38S,? 692.54,High,BK
601,5,BB-7421,LL Bottom Bracket,LL Bottom Bracket,Chromoly steel.,NA,NA,? 23.97,? 53.99,BB-7421,? 48.59,Low,BB
602,5,BB-8107,ML Bottom Bracket,ML Bottom Bracket,Aluminum alloy cups; large diameter spindle.,NA,NA,? 44.95,? 101.24,BB-8107,? 91.12,Mid-Range,BB
603,5,BB-9108,HL Bottom Bracket,HL Bottom Bracket,Aluminum alloy cups and a hollow axle.,NA,NA,? 53.94,? 121.49,BB-9108,? 109.34,Mid-Range,BB
218,23,SO-B909-M,"Mountain Bike Socks, M",Mountain Bike Socks,Combination of natural and synthetic fibers stays dry and provides just the right cushioning.,White,U,? 3.40,? 9.50,SO-B909,? 8.55,Low,SO
219,23,SO-B909-L,"Mountain Bike Socks, L",Mountain Bike Socks,Combination of natural and synthetic fibers stays dry and provides just the right cushioning.,White,U,? 3.40,? 9.50,SO-B909,? 8.55,Low,SO
223,19,CA-1098,AWC Logo Cap,Cycling Cap,Traditional style with a flip-up brim; one-size fits all.,Multi,U,? 5.71,? 8.64,CA-1098,? 7.78,Low,CA
226,21,LJ-0192-S,"Long-Sleeve Logo Jersey, S",Long-Sleeve Logo Jersey,Unisex long-sleeve AWC logo microfiber cycling jersey,Multi,U,? 31.72,? 48.07,LJ-0192,? 43.26,Low,LJ
229,21,LJ-0192-M,"Long-Sleeve Logo Jersey, M",Long-Sleeve Logo Jersey,Unisex long-sleeve AWC logo microfiber cycling jersey,Multi,U,? 31.72,? 48.07,LJ-0192,? 43.26,Low,LJ
232,21,LJ-0192-L,"Long-Sleeve Logo Jersey, L",Long-Sleeve Logo Jersey,Unisex long-sleeve AWC logo microfiber cycling jersey,Multi,U,? 31.72,? 48.07,LJ-0192,? 43.26,Low,LJ
235,21,LJ-0192-X,"Long-Sleeve Logo Jersey, XL",Long-Sleeve Logo Jersey,Unisex long-sleeve AWC logo microfiber cycling jersey,Multi,U,? 31.72,? 48.07,LJ-0192,? 43.26,Low,LJ
238,14,FR-R92R-62,"HL Road Frame - Red, 62",HL Road Frame,Our lightest and best quality aluminum frame made from the newest alloy; it is welded and heat-treated for strength. Our innovative design results in maximum comfort and performance.,Red,U,? 747.97,"? 1,263.46",FR-R92R,"? 1,137.11",High,FR
241,14,FR-R92R-44,"HL Road Frame - Red, 44",HL Road Frame,Our lightest and best quality aluminum frame made from the newest alloy; it is welded and heat-treated for strength. Our innovative design results in maximum comfort and performance.,Red,U,? 747.97,"? 1,263.46",FR-R92R,"? 1,137.11",High,FR
244,14,FR-R92R-48,"HL Road Frame - Red, 48",HL Road Frame,Our lightest and best quality aluminum frame made from the newest alloy; it is welded and heat-treated for strength. Our innovative design results in maximum comfort and performance.,Red,U,? 747.97,"? 1,263.46",FR-R92R,"? 1,137.11",High,FR
247,14,FR-R92R-52,"HL Road Frame - Red, 52",HL Road Frame,Our lightest and best quality aluminum frame made from the newest alloy; it is welded and heat-treated for strength. Our innovative design results in maximum comfort and performance.,Red,U,? 747.97,"? 1,263.46",FR-R92R,"? 1,137.11",High,FR
250,14,FR-R92R-56,"HL Road Frame - Red, 56",HL Road Frame,Our lightest and best quality aluminum frame made from the newest alloy; it is welded and heat-treated for strength. Our innovative design results in maximum comfort and performance.,Red,U,? 747.97,"? 1,263.46",FR-R92R,"? 1,137.11",High,FR
262,14,FR-R38R-44,"LL Road Frame - Red, 44",LL Road Frame,"The LL Frame provides a safe comfortable ride, while offering superior bump absorption in a value-priced aluminum frame.",Red,U,? 181.49,? 306.56,FR-R38R,? 275.91,Mid-Range,FR
264,14,FR-R38R-48,"LL Road Frame - Red, 48",LL Road Frame,"The LL Frame provides a safe comfortable ride, while offering superior bump absorption in a value-priced aluminum frame.",Red,U,? 181.49,? 306.56,FR-R38R,? 275.91,Mid-Range,FR
266,14,FR-R38R-52,"LL Road Frame - Red, 52",LL Road Frame,"The LL Frame provides a safe comfortable ride, while offering superior bump absorption in a value-priced aluminum frame.",Red,U,? 181.49,? 306.56,FR-R38R,? 275.91,Mid-Range,FR
268,14,FR-R38R-58,"LL Road Frame - Red, 58",LL Road Frame,"The LL Frame provides a safe comfortable ride, while offering superior bump absorption in a value-priced aluminum frame.",Red,U,? 181.49,? 306.56,FR-R38R,? 275.91,Mid-Range,FR
270,14,FR-R38R-60,"LL Road Frame - Red, 60",LL Road Frame,"The LL Frame provides a safe comfortable ride, while offering superior bump absorption in a value-priced aluminum frame.",Red,U,? 181.49,? 306.56,FR-R38R,? 275.91,Mid-Range,FR
272,14,FR-R38R-62,"LL Road Frame - Red, 62",LL Road Frame,"The LL Frame provides a safe comfortable ride, while offering superior bump absorption in a value-priced aluminum frame.",Red,U,? 181.49,? 306.56,FR-R38R,? 275.91,Mid-Range,FR
274,14,FR-R72R-44,"ML Road Frame - Red, 44",ML Road Frame,"Made from the same aluminum alloy as our top-of-the line HL frame, the ML features a lightweight down-tube milled to the perfect diameter for optimal strength. Men's version.",Red,U,? 352.14,? 594.83,FR-R72R,? 535.35,High,FR
275,14,FR-R72R-48,"ML Road Frame - Red, 48",ML Road Frame,"Made from the same aluminum alloy as our top-of-the line HL frame, the ML features a lightweight down-tube milled to the perfect diameter for optimal strength. Men's version.",Red,U,? 352.14,? 594.83,FR-R72R,? 535.35,High,FR
276,14,FR-R72R-52,"ML Road Frame - Red, 52",ML Road Frame,"Made from the same aluminum alloy as our top-of-the line HL frame, the ML features a lightweight down-tube milled to the perfect diameter for optimal strength. Men's version.",Red,U,? 352.14,? 594.83,FR-R72R,? 535.35,High,FR
277,14,FR-R72R-58,"ML Road Frame - Red, 58",ML Road Frame,"Made from the same aluminum alloy as our top-of-the line HL frame, the ML features a lightweight down-tube milled to the perfect diameter for optimal strength. Men's version.",Red,U,? 352.14,? 594.83,FR-R72R,? 535.35,High,FR
278,14,FR-R72R-60,"ML Road Frame - Red, 60",ML Road Frame,"Made from the same aluminum alloy as our top-of-the line HL frame, the ML features a lightweight down-tube milled to the perfect diameter for optimal strength. Men's version.",Red,U,? 352.14,? 594.83,FR-R72R,? 535.35,High,FR
288,12,FR-M94S-42,"HL Mountain Frame - Silver, 42",HL Mountain Frame,Each frame is hand-crafted in our Bothell facility to the optimum diameter and wall-thickness required of a premium mountain frame. The heat-treated welded aluminum frame has a larger diameter tube that absorbs the bumps.,Silver,U,? 623.84,"? 1,204.32",FR-M94S,"? 1,083.89",High,FR
291,12,FR-M94S-44,"HL Mountain Frame - Silver, 44",HL Mountain Frame,Each frame is hand-crafted in our Bothell facility to the optimum diameter and wall-thickness required of a premium mountain frame. The heat-treated welded aluminum frame has a larger diameter tube that absorbs the bumps.,Silver,U,? 706.81,"? 1,364.50",FR-M94S,"? 1,228.05",High,FR
292,12,FR-M94S-52,"HL Mountain Frame - Silver, 48",HL Mountain Frame,Each frame is hand-crafted in our Bothell facility to the optimum diameter and wall-thickness required of a premium mountain frame. The heat-treated welded aluminum frame has a larger diameter tube that absorbs the bumps.,Silver,U,? 706.81,"? 1,364.50",FR-M94S,"? 1,228.05",High,FR
293,12,FR-M94S-46,"HL Mountain Frame - Silver, 46",HL Mountain Frame,Each frame is hand-crafted in our Bothell facility to the optimum diameter and wall-thickness required of a premium mountain frame. The heat-treated welded aluminum frame has a larger diameter tube that absorbs the bumps.,Silver,U,? 623.84,"? 1,204.32",FR-M94S,"? 1,083.89",High,FR
307,12,FR-M94S-38,"HL Mountain Frame - Silver, 38",HL Mountain Frame,Each frame is hand-crafted in our Bothell facility to the optimum diameter and wall-thickness required of a premium mountain frame. The heat-treated welded aluminum frame has a larger diameter tube that absorbs the bumps.,Silver,U,? 623.84,"? 1,204.32",FR-M94S,"? 1,083.89",High,FR
310,2,BK-R93R-62,"Road-150 Red, 62",Road-150,"This bike is ridden by race winners. Developed with the Adventure Works Cycles professional race team, it has a extremely light heat-treated aluminum frame, and steering that allows precision control.",Red,U,"? 2,171.29","? 3,578.27",BK-R93R,"? 3,220.44",High,BK
311,2,BK-R93R-44,"Road-150 Red, 44",Road-150,"This bike is ridden by race winners. Developed with the Adventure Works Cycles professional race team, it has a extremely light heat-treated aluminum frame, and steering that allows precision control.",Red,U,"? 2,171.29","? 3,578.27",BK-R93R,"? 3,220.44",High,BK
312,2,BK-R93R-48,"Road-150 Red, 48",Road-150,"This bike is ridden by race winners. Developed with the Adventure Works Cycles professional race team, it has a extremely light heat-treated aluminum frame, and steering that allows precision control.",Red,U,"? 2,171.29","? 3,578.27",BK-R93R,"? 3,220.44",High,BK
313,2,BK-R93R-52,"Road-150 Red, 52",Road-150,"This bike is ridden by race winners. Developed with the Adventure Works Cycles professional race team, it has a extremely light heat-treated aluminum frame, and steering that allows precision control.",Red,U,"? 2,171.29","? 3,578.27",BK-R93R,"? 3,220.44",High,BK
314,2,BK-R93R-56,"Road-150 Red, 56",Road-150,"This bike is ridden by race winners. Developed with the Adventure Works Cycles professional race team, it has a extremely light heat-treated aluminum frame, and steering that allows precision control.",Red,U,"? 2,171.29","? 3,578.27",BK-R93R,"? 3,220.44",High,BK
315,2,BK-R68R-58,"Road-450 Red, 58",Road-450,"A true multi-sport bike that offers streamlined riding and a revolutionary design. Aerodynamic design lets you ride with the pros, and the gearing will conquer hilly roads.",Red,U,? 884.71,"? 1,457.99",BK-R68R,"? 1,312.19",High,BK
316,2,BK-R68R-60,"Road-450 Red, 60",Road-450,"A true multi-sport bike that offers streamlined riding and a revolutionary design. Aerodynamic design lets you ride with the pros, and the gearing will conquer hilly roads.",Red,U,? 884.71,"? 1,457.99",BK-R68R,"? 1,312.19",High,BK
317,2,BK-R68R-44,"Road-450 Red, 44",Road-450,"A true multi-sport bike that offers streamlined riding and a revolutionary design. Aerodynamic design lets you ride with the pros, and the gearing will conquer hilly roads.",Red,U,? 884.71,"? 1,457.99",BK-R68R,"? 1,312.19",High,BK
318,2,BK-R68R-48,"Road-450 Red, 48",Road-450,"A true multi-sport bike that offers streamlined riding and a revolutionary design. Aerodynamic design lets you ride with the pros, and the gearing will conquer hilly roads.",Red,U,? 884.71,"? 1,457.99",BK-R68R,"? 1,312.19",High,BK
319,2,BK-R68R-52,"Road-450 Red, 52",Road-450,"A true multi-sport bike that offers streamlined riding and a revolutionary design. Aerodynamic design lets you ride with the pros, and the gearing will conquer hilly roads.",Red,U,? 884.71,"? 1,457.99",BK-R68R,"? 1,312.19",High,BK
320,2,BK-R50R-58,"Road-650 Red, 58",Road-650,"Value-priced bike with many features of our top-of-the-line models. Has the same light, stiff frame, and the quick acceleration we're famous for.",Red,U,? 413.15,? 699.10,BK-R50R,? 629.19,High,BK
322,2,BK-R50R-60,"Road-650 Red, 60",Road-650,"Value-priced bike with many features of our top-of-the-line models. Has the same light, stiff frame, and the quick acceleration we're famous for.",Red,U,? 413.15,? 699.10,BK-R50R,? 629.19,High,BK
324,2,BK-R50R-62,"Road-650 Red, 62",Road-650,"Value-priced bike with many features of our top-of-the-line models. Has the same light, stiff frame, and the quick acceleration we're famous for.",Red,U,? 413.15,? 699.10,BK-R50R,? 629.19,High,BK
326,2,BK-R50R-44,"Road-650 Red, 44",Road-650,"Value-priced bike with many features of our top-of-the-line models. Has the same light, stiff frame, and the quick acceleration we're famous for.",Red,U,? 413.15,? 699.10,BK-R50R,? 629.19,High,BK
328,2,BK-R50R-48,"Road-650 Red, 48",Road-650,"Value-priced bike with many features of our top-of-the-line models. Has the same light, stiff frame, and the quick acceleration we're famous for.",Red,U,? 413.15,? 699.10,BK-R50R,? 629.19,High,BK
330,2,BK-R50R-52,"Road-650 Red, 52",Road-650,"Value-priced bike with many features of our top-of-the-line models. Has the same light, stiff frame, and the quick acceleration we're famous for.",Red,U,? 413.15,? 699.10,BK-R50R,? 629.19,High,BK
344,1,BK-M82S-38,"Mountain-100 Silver, 38",Mountain-100,"Top-of-the-line competition mountain bike. Performance-enhancing options include the innovative HL Frame, super-smooth front suspension, and traction for all terrain.",Silver,U,"? 1,912.15","? 3,399.99",BK-M82S,"? 3,059.99",High,BK
345,1,BK-M82S-42,"Mountain-100 Silver, 42",Mountain-100,"Top-of-the-line competition mountain bike. Performance-enhancing options include the innovative HL Frame, super-smooth front suspension, and traction for all terrain.",Silver,U,"? 1,912.15","? 3,399.99",BK-M82S,"? 3,059.99",High,BK
346,1,BK-M82S-44,"Mountain-100 Silver, 44",Mountain-100,"Top-of-the-line competition mountain bike. Performance-enhancing options include the innovative HL Frame, super-smooth front suspension, and traction for all terrain.",Silver,U,"? 1,912.15","? 3,399.99",BK-M82S,"? 3,059.99",High,BK
347,1,BK-M82S-48,"Mountain-100 Silver, 48",Mountain-100,"Top-of-the-line competition mountain bike. Performance-enhancing options include the innovative HL Frame, super-smooth front suspension, and traction for all terrain.",Silver,U,"? 1,912.15","? 3,399.99",BK-M82S,"? 3,059.99",High,BK
352,1,BK-M68S-38,"Mountain-200 Silver, 38",Mountain-200,Serious back-country riding. Perfect for all levels of competition. Uses the same HL Frame as the Mountain-100.,Silver,U,"? 1,117.86","? 2,071.42",BK-M68S,"? 1,864.28",High,BK
354,1,BK-M68S-42,"Mountain-200 Silver, 42",Mountain-200,Serious back-country riding. Perfect for all levels of competition. Uses the same HL Frame as the Mountain-100.,Silver,U,"? 1,117.86","? 2,071.42",BK-M68S,"? 1,864.28",High,BK
356,1,BK-M68S-46,"Mountain-200 Silver, 46",Mountain-200,Serious back-country riding. Perfect for all levels of competition. Uses the same HL Frame as the Mountain-100.,Silver,U,"? 1,117.86","? 2,071.42",BK-M68S,"? 1,864.28",High,BK
368,2,BK-R89R-44,"Road-250 Red, 44",Road-250,"Alluminum-alloy frame provides a light, stiff ride, whether you are racing in the velodrome or on a demanding club ride on country roads.",Red,U,"? 1,518.79","? 2,443.35",BK-R89R,"? 2,199.02",High,BK
369,2,BK-R89R-48,"Road-250 Red, 48",Road-250,"Alluminum-alloy frame provides a light, stiff ride, whether you are racing in the velodrome or on a demanding club ride on country roads.",Red,U,"? 1,518.79","? 2,443.35",BK-R89R,"? 2,199.02",High,BK
370,2,BK-R89R-52,"Road-250 Red, 52",Road-250,"Alluminum-alloy frame provides a light, stiff ride, whether you are racing in the velodrome or on a demanding club ride on country roads.",Red,U,"? 1,518.79","? 2,443.35",BK-R89R,"? 2,199.02",High,BK
371,2,BK-R89R-58,"Road-250 Red, 58",Road-250,"Alluminum-alloy frame provides a light, stiff ride, whether you are racing in the velodrome or on a demanding club ride on country roads.",Red,U,"? 1,320.68","? 2,181.56",BK-R89R,"? 1,963.41",High,BK
471,25,VE-C304-S,"Classic Vest, S",Classic Vest,"Light-weight, wind-resistant, packs to fit into a pocket.",Blue,U,? 23.75,? 63.50,VE-C304,? 57.15,Low,VE
472,25,VE-C304-M,"Classic Vest, M",Classic Vest,"Light-weight, wind-resistant, packs to fit into a pocket.",Blue,U,? 23.75,? 63.50,VE-C304,? 57.15,Low,VE
473,25,VE-C304-L,"Classic Vest, L",Classic Vest,"Light-weight, wind-resistant, packs to fit into a pocket.",Blue,U,? 23.75,? 63.50,VE-C304,? 57.15,Low,VE
481,23,SO-R809-M,"Racing Socks, M",Racing Socks,"Thin, lightweight and durable with cuffs that stay up.",White,U,? 3.36,? 8.99,SO-R809,? 8.09,Low,SO
482,23,SO-R809-L,"Racing Socks, L",Racing Socks,"Thin, lightweight and durable with cuffs that stay up.",White,U,? 3.36,? 8.99,SO-R809,? 8.09,Low,SO
488,21,SJ-0194-S,"Short-Sleeve Classic Jersey, S",Short-Sleeve Classic Jersey,"Short sleeve classic breathable jersey with superior moisture control, front zipper, and 3 back pockets.",Yellow,U,? 41.57,? 53.99,SJ-0194,? 48.59,Low,SJ
489,21,SJ-0194-M,"Short-Sleeve Classic Jersey, M",Short-Sleeve Classic Jersey,"Short sleeve classic breathable jersey with superior moisture control, front zipper, and 3 back pockets.",Yellow,U,? 41.57,? 53.99,SJ-0194,? 48.59,Low,SJ
490,21,SJ-0194-L,"Short-Sleeve Classic Jersey, L",Short-Sleeve Classic Jersey,"Short sleeve classic breathable jersey with superior moisture control, front zipper, and 3 back pockets.",Yellow,U,? 41.57,? 53.99,SJ-0194,? 48.59,Low,SJ
491,21,SJ-0194-X,"Short-Sleeve Classic Jersey, XL",Short-Sleeve Classic Jersey,"Short sleeve classic breathable jersey with superior moisture control, front zipper, and 3 back pockets.",Yellow,U,? 41.57,? 53.99,SJ-0194,? 48.59,Low,SJ
492,16,FR-T98Y-60,"HL Touring Frame - Yellow, 60",HL Touring Frame,The HL aluminum frame is custom-shaped for both good looks and strength; it will withstand the most rigorous challenges of daily riding. Men's version.,Yellow,U,? 601.74,"? 1,003.91",FR-T98Y,? 903.52,High,FR
493,16,FR-T67Y-62,"LL Touring Frame - Yellow, 62",LL Touring Frame,Lightweight butted aluminum frame provides a more upright riding position for a trip around town.  Our ground-breaking design provides optimum comfort.,Yellow,U,? 199.85,? 333.42,FR-T67Y,? 300.08,Mid-Range,FR
494,16,FR-T98Y-46,"HL Touring Frame - Yellow, 46",HL Touring Frame,The HL aluminum frame is custom-shaped for both good looks and strength; it will withstand the most rigorous challenges of daily riding. Men's version.,Yellow,U,? 601.74,"? 1,003.91",FR-T98Y,? 903.52,High,FR
495,16,FR-T98Y-50,"HL Touring Frame - Yellow, 50",HL Touring Frame,The HL aluminum frame is custom-shaped for both good looks and strength; it will withstand the most rigorous challenges of daily riding. Men's version.,Yellow,U,? 601.74,"? 1,003.91",FR-T98Y,? 903.52,High,FR
496,16,FR-T98Y-54,"HL Touring Frame - Yellow, 54",HL Touring Frame,The HL aluminum frame is custom-shaped for both good looks and strength; it will withstand the most rigorous challenges of daily riding. Men's version.,Yellow,U,? 601.74,"? 1,003.91",FR-T98Y,? 903.52,High,FR
497,16,FR-T98U-46,"HL Touring Frame - Blue, 46",HL Touring Frame,The HL aluminum frame is custom-shaped for both good looks and strength; it will withstand the most rigorous challenges of daily riding. Men's version.,Blue,U,? 601.74,"? 1,003.91",FR-T98U,? 903.52,High,FR
498,16,FR-T98U-50,"HL Touring Frame - Blue, 50",HL Touring Frame,The HL aluminum frame is custom-shaped for both good looks and strength; it will withstand the most rigorous challenges of daily riding. Men's version.,Blue,U,? 601.74,"? 1,003.91",FR-T98U,? 903.52,High,FR
499,16,FR-T98U-54,"HL Touring Frame - Blue, 54",HL Touring Frame,The HL aluminum frame is custom-shaped for both good looks and strength; it will withstand the most rigorous challenges of daily riding. Men's version.,Blue,U,? 601.74,"? 1,003.91",FR-T98U,? 903.52,High,FR
500,16,FR-T98U-60,"HL Touring Frame - Blue, 60",HL Touring Frame,The HL aluminum frame is custom-shaped for both good looks and strength; it will withstand the most rigorous challenges of daily riding. Men's version.,Blue,U,? 601.74,"? 1,003.91",FR-T98U,? 903.52,High,FR
502,16,FR-T67U-50,"LL Touring Frame - Blue, 50",LL Touring Frame,Lightweight butted aluminum frame provides a more upright riding position for a trip around town.  Our ground-breaking design provides optimum comfort.,Blue,U,? 199.85,? 333.42,FR-T67U,? 300.08,Mid-Range,FR
503,16,FR-T67U-54,"LL Touring Frame - Blue, 54",LL Touring Frame,Lightweight butted aluminum frame provides a more upright riding position for a trip around town.  Our ground-breaking design provides optimum comfort.,Blue,U,? 199.85,? 333.42,FR-T67U,? 300.08,Mid-Range,FR
504,16,FR-T67U-58,"LL Touring Frame - Blue, 58",LL Touring Frame,Lightweight butted aluminum frame provides a more upright riding position for a trip around town.  Our ground-breaking design provides optimum comfort.,Blue,U,? 199.85,? 333.42,FR-T67U,? 300.08,Mid-Range,FR
505,16,FR-T67U-62,"LL Touring Frame - Blue, 62",LL Touring Frame,Lightweight butted aluminum frame provides a more upright riding position for a trip around town.  Our ground-breaking design provides optimum comfort.,Blue,U,? 199.85,? 333.42,FR-T67U,? 300.08,Mid-Range,FR
506,16,FR-T67Y-44,"LL Touring Frame - Yellow, 44",LL Touring Frame,Lightweight butted aluminum frame provides a more upright riding position for a trip around town.  Our ground-breaking design provides optimum comfort.,Yellow,U,? 199.85,? 333.42,FR-T67Y,? 300.08,Mid-Range,FR
507,16,FR-T67Y-50,"LL Touring Frame - Yellow, 50",LL Touring Frame,Lightweight butted aluminum frame provides a more upright riding position for a trip around town.  Our ground-breaking design provides optimum comfort.,Yellow,U,? 199.85,? 333.42,FR-T67Y,? 300.08,Mid-Range,FR
508,16,FR-T67Y-54,"LL Touring Frame - Yellow, 54",LL Touring Frame,Lightweight butted aluminum frame provides a more upright riding position for a trip around town.  Our ground-breaking design provides optimum comfort.,Yellow,U,? 199.85,? 333.42,FR-T67Y,? 300.08,Mid-Range,FR
509,16,FR-T67Y-58,"LL Touring Frame - Yellow, 58",LL Touring Frame,Lightweight butted aluminum frame provides a more upright riding position for a trip around town.  Our ground-breaking design provides optimum comfort.,Yellow,U,? 199.85,? 333.42,FR-T67Y,? 300.08,Mid-Range,FR
510,16,FR-T67U-44,"LL Touring Frame - Blue, 44",LL Touring Frame,Lightweight butted aluminum frame provides a more upright riding position for a trip around town.  Our ground-breaking design provides optimum comfort.,Blue,U,? 199.85,? 333.42,FR-T67U,? 300.08,Mid-Range,FR
524,12,FR-M21S-42,"LL Mountain Frame - Silver, 42",LL Mountain Frame,"Our best value utilizing the same, ground-breaking frame technology as the ML aluminum frame.",Silver,U,? 144.59,? 264.05,FR-M21S,? 237.65,Mid-Range,FR
525,12,FR-M21S-44,"LL Mountain Frame - Silver, 44",LL Mountain Frame,"Our best value utilizing the same, ground-breaking frame technology as the ML aluminum frame.",Silver,U,? 144.59,? 264.05,FR-M21S,? 237.65,Mid-Range,FR
526,12,FR-M21S-48,"LL Mountain Frame - Silver, 48",LL Mountain Frame,"Our best value utilizing the same, ground-breaking frame technology as the ML aluminum frame.",Silver,U,? 144.59,? 264.05,FR-M21S,? 237.65,Mid-Range,FR
527,12,FR-M21S-52,"LL Mountain Frame - Silver, 52",LL Mountain Frame,"Our best value utilizing the same, ground-breaking frame technology as the ML aluminum frame.",Silver,U,? 144.59,? 264.05,FR-M21S,? 237.65,Mid-Range,FR
551,12,FR-M21S-40,"LL Mountain Frame - Silver, 40",LL Mountain Frame,"Our best value utilizing the same, ground-breaking frame technology as the ML aluminum frame.",Silver,U,? 144.59,? 264.05,FR-M21S,? 237.65,Mid-Range,FR
560,3,BK-T44U-60,"Touring-2000 Blue, 60",Touring-2000,"The plush custom saddle keeps you riding all day,  and there's plenty of space to add panniers and bike bags to the newly-redesigned carrier.  This bike has stability when fully-loaded.",Blue,U,? 755.15,"? 1,214.85",BK-T44U,"? 1,093.37",High,BK
561,3,BK-T79Y-46,"Touring-1000 Yellow, 46",Touring-1000,Travel in style and comfort. Designed for maximum comfort and safety. Wide gear range takes on all hills. High-tech aluminum alloy construction provides durability without added weight.,Yellow,U,"? 1,481.94","? 2,384.07",BK-T79Y,"? 2,145.66",High,BK
562,3,BK-T79Y-50,"Touring-1000 Yellow, 50",Touring-1000,Travel in style and comfort. Designed for maximum comfort and safety. Wide gear range takes on all hills. High-tech aluminum alloy construction provides durability without added weight.,Yellow,U,"? 1,481.94","? 2,384.07",BK-T79Y,"? 2,145.66",High,BK
563,3,BK-T79Y-54,"Touring-1000 Yellow, 54",Touring-1000,Travel in style and comfort. Designed for maximum comfort and safety. Wide gear range takes on all hills. High-tech aluminum alloy construction provides durability without added weight.,Yellow,U,"? 1,481.94","? 2,384.07",BK-T79Y,"? 2,145.66",High,BK
564,3,BK-T79Y-60,"Touring-1000 Yellow, 60",Touring-1000,Travel in style and comfort. Designed for maximum comfort and safety. Wide gear range takes on all hills. High-tech aluminum alloy construction provides durability without added weight.,Yellow,U,"? 1,481.94","? 2,384.07",BK-T79Y,"? 2,145.66",High,BK
565,3,BK-T18U-54,"Touring-3000 Blue, 54",Touring-3000,"All-occasion value bike with our basic comfort and safety features. Offers wider, more stable tires for a ride around town or weekend trip.",Blue,U,? 461.44,? 742.35,BK-T18U,? 668.12,High,BK
566,3,BK-T18U-58,"Touring-3000 Blue, 58",Touring-3000,"All-occasion value bike with our basic comfort and safety features. Offers wider, more stable tires for a ride around town or weekend trip.",Blue,U,? 461.44,? 742.35,BK-T18U,? 668.12,High,BK
567,3,BK-T18U-62,"Touring-3000 Blue, 62",Touring-3000,"All-occasion value bike with our basic comfort and safety features. Offers wider, more stable tires for a ride around town or weekend trip.",Blue,U,? 461.44,? 742.35,BK-T18U,? 668.12,High,BK
568,3,BK-T18Y-44,"Touring-3000 Yellow, 44",Touring-3000,"All-occasion value bike with our basic comfort and safety features. Offers wider, more stable tires for a ride around town or weekend trip.",Yellow,U,? 461.44,? 742.35,BK-T18Y,? 668.12,High,BK
569,3,BK-T18Y-50,"Touring-3000 Yellow, 50",Touring-3000,"All-occasion value bike with our basic comfort and safety features. Offers wider, more stable tires for a ride around town or weekend trip.",Yellow,U,? 461.44,? 742.35,BK-T18Y,? 668.12,High,BK
570,3,BK-T18Y-54,"Touring-3000 Yellow, 54",Touring-3000,"All-occasion value bike with our basic comfort and safety features. Offers wider, more stable tires for a ride around town or weekend trip.",Yellow,U,? 461.44,? 742.35,BK-T18Y,? 668.12,High,BK
571,3,BK-T18Y-58,"Touring-3000 Yellow, 58",Touring-3000,"All-occasion value bike with our basic comfort and safety features. Offers wider, more stable tires for a ride around town or weekend trip.",Yellow,U,? 461.44,? 742.35,BK-T18Y,? 668.12,High,BK
572,3,BK-T18Y-62,"Touring-3000 Yellow, 62",Touring-3000,"All-occasion value bike with our basic comfort and safety features. Offers wider, more stable tires for a ride around town or weekend trip.",Yellow,U,? 461.44,? 742.35,BK-T18Y,? 668.12,High,BK
573,3,BK-T79U-46,"Touring-1000 Blue, 46",Touring-1000,Travel in style and comfort. Designed for maximum comfort and safety. Wide gear range takes on all hills. High-tech aluminum alloy construction provides durability without added weight.,Blue,U,"? 1,481.94","? 2,384.07",BK-T79U,"? 2,145.66",High,BK
574,3,BK-T79U-50,"Touring-1000 Blue, 50",Touring-1000,Travel in style and comfort. Designed for maximum comfort and safety. Wide gear range takes on all hills. High-tech aluminum alloy construction provides durability without added weight.,Blue,U,"? 1,481.94","? 2,384.07",BK-T79U,"? 2,145.66",High,BK
575,3,BK-T79U-54,"Touring-1000 Blue, 54",Touring-1000,Travel in style and comfort. Designed for maximum comfort and safety. Wide gear range takes on all hills. High-tech aluminum alloy construction provides durability without added weight.,Blue,U,"? 1,481.94","? 2,384.07",BK-T79U,"? 2,145.66",High,BK
576,3,BK-T79U-60,"Touring-1000 Blue, 60",Touring-1000,Travel in style and comfort. Designed for maximum comfort and safety. Wide gear range takes on all hills. High-tech aluminum alloy construction provides durability without added weight.,Blue,U,"? 1,481.94","? 2,384.07",BK-T79U,"? 2,145.66",High,BK
577,3,BK-T44U-46,"Touring-2000 Blue, 46",Touring-2000,"The plush custom saddle keeps you riding all day,  and there's plenty of space to add panniers and bike bags to the newly-redesigned carrier.  This bike has stability when fully-loaded.",Blue,U,? 755.15,"? 1,214.85",BK-T44U,"? 1,093.37",High,BK
578,3,BK-T44U-50,"Touring-2000 Blue, 50",Touring-2000,"The plush custom saddle keeps you riding all day,  and there's plenty of space to add panniers and bike bags to the newly-redesigned carrier.  This bike has stability when fully-loaded.",Blue,U,? 755.15,"? 1,214.85",BK-T44U,"? 1,093.37",High,BK
579,3,BK-T44U-54,"Touring-2000 Blue, 54",Touring-2000,"The plush custom saddle keeps you riding all day,  and there's plenty of space to add panniers and bike bags to the newly-redesigned carrier.  This bike has stability when fully-loaded.",Blue,U,? 755.15,"? 1,214.85",BK-T44U,"? 1,093.37",High,BK
585,3,BK-T18U-44,"Touring-3000 Blue, 44",Touring-3000,"All-occasion value bike with our basic comfort and safety features. Offers wider, more stable tires for a ride around town or weekend trip.",Blue,U,? 461.44,? 742.35,BK-T18U,? 668.12,High,BK
586,3,BK-T18U-50,"Touring-3000 Blue, 50",Touring-3000,"All-occasion value bike with our basic comfort and safety features. Offers wider, more stable tires for a ride around town or weekend trip.",Blue,U,? 461.44,? 742.35,BK-T18U,? 668.12,High,BK
591,1,BK-M18S-40,"Mountain-500 Silver, 40",Mountain-500,"Suitable for any type of riding, on or off-road. Fits any budget. Smooth-shifting with a comfortable ride.",Silver,U,? 308.22,? 564.99,BK-M18S,? 508.49,High,BK
592,1,BK-M18S-42,"Mountain-500 Silver, 42",Mountain-500,"Suitable for any type of riding, on or off-road. Fits any budget. Smooth-shifting with a comfortable ride.",Silver,U,? 308.22,? 564.99,BK-M18S,? 508.49,High,BK
593,1,BK-M18S-44,"Mountain-500 Silver, 44",Mountain-500,"Suitable for any type of riding, on or off-road. Fits any budget. Smooth-shifting with a comfortable ride.",Silver,U,? 308.22,? 564.99,BK-M18S,? 508.49,High,BK
594,1,BK-M18S-48,"Mountain-500 Silver, 48",Mountain-500,"Suitable for any type of riding, on or off-road. Fits any budget. Smooth-shifting with a comfortable ride.",Silver,U,? 308.22,? 564.99,BK-M18S,? 508.49,High,BK
595,1,BK-M18S-52,"Mountain-500 Silver, 52",Mountain-500,"Suitable for any type of riding, on or off-road. Fits any budget. Smooth-shifting with a comfortable ride.",Silver,U,? 308.22,? 564.99,BK-M18S,? 508.49,High,BK
